create table COUNTRIES
(
    COUNTRY_ID    VARCHAR(2)  NOT NULL,
    COUNTRY_NAME  VARCHAR(40) NOT NULL,
    REGION_ID     INT,
    PRIMARY KEY (COUNTRY_ID)
);

INSERT INTO COUNTRIES (COUNTRY_ID, COUNTRY_NAME, REGION_ID) VALUES ('AR', 'Argentina', 2);
INSERT INTO COUNTRIES (COUNTRY_ID, COUNTRY_NAME, REGION_ID) VALUES ('AU', 'Australia', 3);
INSERT INTO COUNTRIES (COUNTRY_ID, COUNTRY_NAME, REGION_ID) VALUES ('BE', 'Belgium', 1);
INSERT INTO COUNTRIES (COUNTRY_ID, COUNTRY_NAME, REGION_ID) VALUES ('BR', 'Brazil', 2);
INSERT INTO COUNTRIES (COUNTRY_ID, COUNTRY_NAME, REGION_ID) VALUES ('CA', 'Canada', 2);
INSERT INTO COUNTRIES (COUNTRY_ID, COUNTRY_NAME, REGION_ID) VALUES ('CH', 'Switzerland', 1);
INSERT INTO COUNTRIES (COUNTRY_ID, COUNTRY_NAME, REGION_ID) VALUES ('CN', 'China', 3);
INSERT INTO COUNTRIES (COUNTRY_ID, COUNTRY_NAME, REGION_ID) VALUES ('DE', 'Germany', 1);
INSERT INTO COUNTRIES (COUNTRY_ID, COUNTRY_NAME, REGION_ID) VALUES ('DK', 'Denmark', 1);
INSERT INTO COUNTRIES (COUNTRY_ID, COUNTRY_NAME, REGION_ID) VALUES ('EG', 'Egypt', 4);
INSERT INTO COUNTRIES (COUNTRY_ID, COUNTRY_NAME, REGION_ID) VALUES ('FR', 'France', 1);
INSERT INTO COUNTRIES (COUNTRY_ID, COUNTRY_NAME, REGION_ID) VALUES ('IL', 'Israel', 4);
INSERT INTO COUNTRIES (COUNTRY_ID, COUNTRY_NAME, REGION_ID) VALUES ('IN', 'India', 3);
INSERT INTO COUNTRIES (COUNTRY_ID, COUNTRY_NAME, REGION_ID) VALUES ('IT', 'Italy', 1);
INSERT INTO COUNTRIES (COUNTRY_ID, COUNTRY_NAME, REGION_ID) VALUES ('JP', 'Japan', 3);
INSERT INTO COUNTRIES (COUNTRY_ID, COUNTRY_NAME, REGION_ID) VALUES ('KW', 'Kuwait', 4);
INSERT INTO COUNTRIES (COUNTRY_ID, COUNTRY_NAME, REGION_ID) VALUES ('ML', 'Malaysia', 3);
INSERT INTO COUNTRIES (COUNTRY_ID, COUNTRY_NAME, REGION_ID) VALUES ('MX', 'Mexico', 2);
INSERT INTO COUNTRIES (COUNTRY_ID, COUNTRY_NAME, REGION_ID) VALUES ('NG', 'Nigeria', 4);
INSERT INTO COUNTRIES (COUNTRY_ID, COUNTRY_NAME, REGION_ID) VALUES ('NL', 'Netherlands', 1);
INSERT INTO COUNTRIES (COUNTRY_ID, COUNTRY_NAME, REGION_ID) VALUES ('SG', 'Singapore', 3);
INSERT INTO COUNTRIES (COUNTRY_ID, COUNTRY_NAME, REGION_ID) VALUES ('UK', 'United Kingdom', 1);
INSERT INTO COUNTRIES (COUNTRY_ID, COUNTRY_NAME, REGION_ID) VALUES ('US', 'United States of America', 2);
INSERT INTO COUNTRIES (COUNTRY_ID, COUNTRY_NAME, REGION_ID) VALUES ('ZM', 'Zambia', 4);
INSERT INTO COUNTRIES (COUNTRY_ID, COUNTRY_NAME, REGION_ID) VALUES ('ZW', 'Zimbabwe', 4);


create table LOCATIONS (
    LOCATION_ID    INT NOT NULL AUTO_INCREMENT,
    STREET_ADDRESS VARCHAR(40) NOT NULL,
    POSTAL_CODE    VARCHAR(12),
    CITY           VARCHAR(30) not null,
    STATE_PROVINCE VARCHAR(25),
    COUNTRY_ID     VARCHAR(2) NOT NULL,
    PRIMARY KEY (LOCATION_ID),
    CONSTRAINT FK_LOCATIONS_COUNTRY_ID FOREIGN KEY (COUNTRY_ID)
        REFERENCES COUNTRIES (COUNTRY_ID)
);

INSERT INTO LOCATIONS (LOCATION_ID, STREET_ADDRESS, POSTAL_CODE, CITY, STATE_PROVINCE, COUNTRY_ID) VALUES (1000, '1297 Via Cola di Rie', '00989', 'Roma', null, 'IT');
INSERT INTO LOCATIONS (LOCATION_ID, STREET_ADDRESS, POSTAL_CODE, CITY, STATE_PROVINCE, COUNTRY_ID) VALUES (1100, '93091 Calle della Testa', '10934', 'Venice', null, 'IT');
INSERT INTO LOCATIONS (LOCATION_ID, STREET_ADDRESS, POSTAL_CODE, CITY, STATE_PROVINCE, COUNTRY_ID) VALUES (1200, '2017 Shinjuku-ku', '1689', 'Tokyo', 'Tokyo Prefecture', 'JP');
INSERT INTO LOCATIONS (LOCATION_ID, STREET_ADDRESS, POSTAL_CODE, CITY, STATE_PROVINCE, COUNTRY_ID) VALUES (1300, '9450 Kamiya-cho', '6823', 'Hiroshima', null, 'JP');
INSERT INTO LOCATIONS (LOCATION_ID, STREET_ADDRESS, POSTAL_CODE, CITY, STATE_PROVINCE, COUNTRY_ID) VALUES (1400, '2014 Jabberwocky Rd', '26192', 'Southlake', 'Texas', 'US');
INSERT INTO LOCATIONS (LOCATION_ID, STREET_ADDRESS, POSTAL_CODE, CITY, STATE_PROVINCE, COUNTRY_ID) VALUES (1500, '2011 Interiors Blvd', '99236', 'South San Francisco', 'California', 'US');
INSERT INTO LOCATIONS (LOCATION_ID, STREET_ADDRESS, POSTAL_CODE, CITY, STATE_PROVINCE, COUNTRY_ID) VALUES (1600, '2007 Zagora St', '50090', 'South Brunswick', 'New Jersey', 'US');
INSERT INTO LOCATIONS (LOCATION_ID, STREET_ADDRESS, POSTAL_CODE, CITY, STATE_PROVINCE, COUNTRY_ID) VALUES (1700, '2004 Charade Rd', '98199', 'Seattle', 'Washington', 'US');
INSERT INTO LOCATIONS (LOCATION_ID, STREET_ADDRESS, POSTAL_CODE, CITY, STATE_PROVINCE, COUNTRY_ID) VALUES (1800, '147 Spadina Ave', 'M5V 2L7', 'Toronto', 'Ontario', 'CA');
INSERT INTO LOCATIONS (LOCATION_ID, STREET_ADDRESS, POSTAL_CODE, CITY, STATE_PROVINCE, COUNTRY_ID) VALUES (1900, '6092 Boxwood St', 'YSW 9T2', 'Whitehorse', 'Yukon', 'CA');
INSERT INTO LOCATIONS (LOCATION_ID, STREET_ADDRESS, POSTAL_CODE, CITY, STATE_PROVINCE, COUNTRY_ID) VALUES (2000, '40-5-12 Laogianggen', '190518', 'Beijing', null, 'CN');
INSERT INTO LOCATIONS (LOCATION_ID, STREET_ADDRESS, POSTAL_CODE, CITY, STATE_PROVINCE, COUNTRY_ID) VALUES (2100, '1298 Vileparle (E)', '490231', 'Bombay', 'Maharashtra', 'IN');
INSERT INTO LOCATIONS (LOCATION_ID, STREET_ADDRESS, POSTAL_CODE, CITY, STATE_PROVINCE, COUNTRY_ID) VALUES (2200, '12-98 Victoria Street', '2901', 'Sydney', 'New South Wales', 'AU');
INSERT INTO LOCATIONS (LOCATION_ID, STREET_ADDRESS, POSTAL_CODE, CITY, STATE_PROVINCE, COUNTRY_ID) VALUES (2300, '198 Clementi North', '540198', 'Singapore', null, 'SG');
INSERT INTO LOCATIONS (LOCATION_ID, STREET_ADDRESS, POSTAL_CODE, CITY, STATE_PROVINCE, COUNTRY_ID) VALUES (2400, '8204 Arthur St', null, 'London', null, 'UK');
INSERT INTO LOCATIONS (LOCATION_ID, STREET_ADDRESS, POSTAL_CODE, CITY, STATE_PROVINCE, COUNTRY_ID) VALUES (2500, 'Magdalen Centre, The Oxford Science Park', 'OX9 9ZB', 'Oxford', 'Oxford', 'UK');
INSERT INTO LOCATIONS (LOCATION_ID, STREET_ADDRESS, POSTAL_CODE, CITY, STATE_PROVINCE, COUNTRY_ID) VALUES (2600, '9702 Chester Road', '09629850293', 'Stretford', 'Manchester', 'UK');
INSERT INTO LOCATIONS (LOCATION_ID, STREET_ADDRESS, POSTAL_CODE, CITY, STATE_PROVINCE, COUNTRY_ID) VALUES (2700, 'Schwanthalerstr. 7031', '80925', 'Munich', 'Bavaria', 'DE');
INSERT INTO LOCATIONS (LOCATION_ID, STREET_ADDRESS, POSTAL_CODE, CITY, STATE_PROVINCE, COUNTRY_ID) VALUES (2800, 'Rua Frei Caneca 1360 ', '01307-002', 'Sao Paulo', 'Sao Paulo', 'BR');
INSERT INTO LOCATIONS (LOCATION_ID, STREET_ADDRESS, POSTAL_CODE, CITY, STATE_PROVINCE, COUNTRY_ID) VALUES (2900, '20 Rue des Corps-Saints', '1730', 'Geneva', 'Geneve', 'CH');
INSERT INTO LOCATIONS (LOCATION_ID, STREET_ADDRESS, POSTAL_CODE, CITY, STATE_PROVINCE, COUNTRY_ID) VALUES (3000, 'Murtenstrasse 921', '3095', 'Bern', 'BE', 'CH');
INSERT INTO LOCATIONS (LOCATION_ID, STREET_ADDRESS, POSTAL_CODE, CITY, STATE_PROVINCE, COUNTRY_ID) VALUES (3100, 'Pieter Breughelstraat 837', '3029SK', 'Utrecht', 'Utrecht', 'NL');
INSERT INTO LOCATIONS (LOCATION_ID, STREET_ADDRESS, POSTAL_CODE, CITY, STATE_PROVINCE, COUNTRY_ID) VALUES (3200, 'Mariano Escobedo 9991', '11932', 'Mexico City', 'Distrito Federal,', 'MX');

create table DEPARTMENTS
(
    DEPARTMENT_ID   INT NOT NULL AUTO_INCREMENT,
    DEPARTMENT_NAME VARCHAR(30) NOT NULL UNIQUE,
    LOCATION_ID     INT         NOT NULL,
    PRIMARY KEY (DEPARTMENT_ID),
    CONSTRAINT FK_DEPARTMENTS_LOCATION_ID FOREIGN KEY (LOCATION_ID)
         REFERENCES LOCATIONS (LOCATION_ID)
);

INSERT INTO DEPARTMENTS (DEPARTMENT_ID, DEPARTMENT_NAME, LOCATION_ID) VALUES (10, 'Administration', 1700);
INSERT INTO DEPARTMENTS (DEPARTMENT_ID, DEPARTMENT_NAME, LOCATION_ID) VALUES (20, 'Marketing', 1800);
INSERT INTO DEPARTMENTS (DEPARTMENT_ID, DEPARTMENT_NAME, LOCATION_ID) VALUES (30, 'Purchasing', 1700);
INSERT INTO DEPARTMENTS (DEPARTMENT_ID, DEPARTMENT_NAME, LOCATION_ID) VALUES (40, 'Human Resources', 2400);
INSERT INTO DEPARTMENTS (DEPARTMENT_ID, DEPARTMENT_NAME, LOCATION_ID) VALUES (50, 'Shipping', 1500);
INSERT INTO DEPARTMENTS (DEPARTMENT_ID, DEPARTMENT_NAME, LOCATION_ID) VALUES (60, 'IT', 1400);
INSERT INTO DEPARTMENTS (DEPARTMENT_ID, DEPARTMENT_NAME, LOCATION_ID) VALUES (70, 'Public Relations', 2700);
INSERT INTO DEPARTMENTS (DEPARTMENT_ID, DEPARTMENT_NAME, LOCATION_ID) VALUES (80, 'Sales', 2500);
INSERT INTO DEPARTMENTS (DEPARTMENT_ID, DEPARTMENT_NAME, LOCATION_ID) VALUES (90, 'Executive', 1700);
INSERT INTO DEPARTMENTS (DEPARTMENT_ID, DEPARTMENT_NAME, LOCATION_ID) VALUES (100, 'Finance', 1700);
INSERT INTO DEPARTMENTS (DEPARTMENT_ID, DEPARTMENT_NAME, LOCATION_ID) VALUES (110, 'Accounting', 1700);
INSERT INTO DEPARTMENTS (DEPARTMENT_ID, DEPARTMENT_NAME, LOCATION_ID) VALUES (120, 'Treasury', 1700);
INSERT INTO DEPARTMENTS (DEPARTMENT_ID, DEPARTMENT_NAME, LOCATION_ID) VALUES (130, 'Corporate Tax',1700);
INSERT INTO DEPARTMENTS (DEPARTMENT_ID, DEPARTMENT_NAME, LOCATION_ID) VALUES (140, 'Control And Credit', 1700);
INSERT INTO DEPARTMENTS (DEPARTMENT_ID, DEPARTMENT_NAME, LOCATION_ID) VALUES (150, 'Shareholder Services', 1700);
INSERT INTO DEPARTMENTS (DEPARTMENT_ID, DEPARTMENT_NAME, LOCATION_ID) VALUES (160, 'Benefits', 1700);
INSERT INTO DEPARTMENTS (DEPARTMENT_ID, DEPARTMENT_NAME, LOCATION_ID) VALUES (170, 'Manufacturing', 1700);
INSERT INTO DEPARTMENTS (DEPARTMENT_ID, DEPARTMENT_NAME, LOCATION_ID) VALUES (180, 'Construction', 1700);
INSERT INTO DEPARTMENTS (DEPARTMENT_ID, DEPARTMENT_NAME, LOCATION_ID) VALUES (190, 'Contracting', 1700);
INSERT INTO DEPARTMENTS (DEPARTMENT_ID, DEPARTMENT_NAME, LOCATION_ID) VALUES (200, 'Operations', 1700);
INSERT INTO DEPARTMENTS (DEPARTMENT_ID, DEPARTMENT_NAME, LOCATION_ID) VALUES (210, 'IT Support', 1700);
INSERT INTO DEPARTMENTS (DEPARTMENT_ID, DEPARTMENT_NAME, LOCATION_ID) VALUES (220, 'NOC', 1700);
INSERT INTO DEPARTMENTS (DEPARTMENT_ID, DEPARTMENT_NAME, LOCATION_ID) VALUES (230, 'IT Helpdesk', 1700);
INSERT INTO DEPARTMENTS (DEPARTMENT_ID, DEPARTMENT_NAME, LOCATION_ID) VALUES (240, 'Government Sales', 1700);
INSERT INTO DEPARTMENTS (DEPARTMENT_ID, DEPARTMENT_NAME, LOCATION_ID) VALUES (250, 'Retail Sales', 1700);
INSERT INTO DEPARTMENTS (DEPARTMENT_ID, DEPARTMENT_NAME, LOCATION_ID) VALUES (260, 'Recruiting', 1700);
INSERT INTO DEPARTMENTS (DEPARTMENT_ID, DEPARTMENT_NAME, LOCATION_ID) VALUES (270, 'Payroll',1700);

create table EMPLOYEES
(
    EMPLOYEE_ID    INT NOT NULL AUTO_INCREMENT,
    FIRST_NAME     VARCHAR(20) NOT NULL,
    LAST_NAME      VARCHAR(25) NOT NULL,
    EMAIL          VARCHAR(25) NOT NULL UNIQUE,
    PHONE_NUMBER   VARCHAR(20),
    HIRE_DATE      DATE         NOT NULL,
    JOB_ID         VARCHAR(10) NOT NULL,
    SALARY         DECIMAL(8, 2),
    COMMISSION_PCT DECIMAL(2, 2),
    MANAGER_ID     INT,
    DEPARTMENT_ID  INT,
    primary key (EMPLOYEE_ID),
    constraint fk_employees_manager_id foreign key (MANAGER_ID)
        references EMPLOYEES (EMPLOYEE_ID),
    CONSTRAINT FK_EMPLOYEES_DEPARTMENT_ID foreign KEY (DEPARTMENT_ID)
        REFERENCES DEPARTMENTS (DEPARTMENT_ID),
    CONSTRAINT CK_EMPLOYEES_SALARY CHECK (SALARY > 0)
);


INSERT INTO EMPLOYEES (EMPLOYEE_ID, FIRST_NAME, LAST_NAME, EMAIL, PHONE_NUMBER, HIRE_DATE, JOB_ID, SALARY, COMMISSION_PCT, MANAGER_ID, DEPARTMENT_ID) VALUES (100, 'Steven', 'King', 'SKING', '515.123.4567', str_to_date('2003-06-17', '%Y-%m-%d'), 'AD_PRES', 24000.00, null, null, 90);
INSERT INTO EMPLOYEES (EMPLOYEE_ID, FIRST_NAME, LAST_NAME, EMAIL, PHONE_NUMBER, HIRE_DATE, JOB_ID, SALARY, COMMISSION_PCT, MANAGER_ID, DEPARTMENT_ID) VALUES (101, 'Neena', 'Kochhar', 'NKOCHHAR', '515.123.4568', str_to_date('2005-09-21', '%Y-%m-%d'), 'AD_VP', 17000.00, null, 100, 90);
INSERT INTO EMPLOYEES (EMPLOYEE_ID, FIRST_NAME, LAST_NAME, EMAIL, PHONE_NUMBER, HIRE_DATE, JOB_ID, SALARY, COMMISSION_PCT, MANAGER_ID, DEPARTMENT_ID) VALUES (102, 'Lex', 'De Haan', 'LDEHAAN', '515.123.4569', str_to_date('2001-01-13', '%Y-%m-%d'), 'AD_VP', 17000.00, null, 100, 90);
INSERT INTO EMPLOYEES (EMPLOYEE_ID, FIRST_NAME, LAST_NAME, EMAIL, PHONE_NUMBER, HIRE_DATE, JOB_ID, SALARY, COMMISSION_PCT, MANAGER_ID, DEPARTMENT_ID) VALUES (103, 'Alexander', 'Hunold', 'AHUNOLD', '590.423.4567', str_to_date('2006-01-03', '%Y-%m-%d'), 'IT_PROG', 9000.00, null, 102, 60);
INSERT INTO EMPLOYEES (EMPLOYEE_ID, FIRST_NAME, LAST_NAME, EMAIL, PHONE_NUMBER, HIRE_DATE, JOB_ID, SALARY, COMMISSION_PCT, MANAGER_ID, DEPARTMENT_ID) VALUES (104, 'Bruce', 'Ernst', 'BERNST', '590.423.4568', str_to_date('2007-05-21', '%Y-%m-%d'), 'IT_PROG', 6000.00, null, 103, 60);
INSERT INTO EMPLOYEES (EMPLOYEE_ID, FIRST_NAME, LAST_NAME, EMAIL, PHONE_NUMBER, HIRE_DATE, JOB_ID, SALARY, COMMISSION_PCT, MANAGER_ID, DEPARTMENT_ID) VALUES (105, 'David', 'Austin', 'DAUSTIN', '590.423.4569', str_to_date('2005-06-25', '%Y-%m-%d'), 'IT_PROG', 4800.00, null, 103, 60);
INSERT INTO EMPLOYEES (EMPLOYEE_ID, FIRST_NAME, LAST_NAME, EMAIL, PHONE_NUMBER, HIRE_DATE, JOB_ID, SALARY, COMMISSION_PCT, MANAGER_ID, DEPARTMENT_ID) VALUES (106, 'Valli', 'Pataballa', 'VPATABAL', '590.423.4560', str_to_date('2006-02-05', '%Y-%m-%d'), 'IT_PROG', 4800.00, null, 103, 60);
INSERT INTO EMPLOYEES (EMPLOYEE_ID, FIRST_NAME, LAST_NAME, EMAIL, PHONE_NUMBER, HIRE_DATE, JOB_ID, SALARY, COMMISSION_PCT, MANAGER_ID, DEPARTMENT_ID) VALUES (107, 'Diana', 'Lorentz', 'DLORENTZ', '590.423.5567', str_to_date('2007-02-07', '%Y-%m-%d'), 'IT_PROG', 4200.00, null, 103, 60);
INSERT INTO EMPLOYEES (EMPLOYEE_ID, FIRST_NAME, LAST_NAME, EMAIL, PHONE_NUMBER, HIRE_DATE, JOB_ID, SALARY, COMMISSION_PCT, MANAGER_ID, DEPARTMENT_ID) VALUES (108, 'Nancy', 'Greenberg', 'NGREENBE', '515.124.4569', str_to_date('2002-08-17', '%Y-%m-%d'), 'FI_MGR', 12008.00, null, 101, 100);
INSERT INTO EMPLOYEES (EMPLOYEE_ID, FIRST_NAME, LAST_NAME, EMAIL, PHONE_NUMBER, HIRE_DATE, JOB_ID, SALARY, COMMISSION_PCT, MANAGER_ID, DEPARTMENT_ID) VALUES (109, 'Daniel', 'Faviet', 'DFAVIET', '515.124.4169', str_to_date('2002-08-16', '%Y-%m-%d'), 'FI_ACCOUNT', 9000.00, null, 108, 100);
INSERT INTO EMPLOYEES (EMPLOYEE_ID, FIRST_NAME, LAST_NAME, EMAIL, PHONE_NUMBER, HIRE_DATE, JOB_ID, SALARY, COMMISSION_PCT, MANAGER_ID, DEPARTMENT_ID) VALUES (110, 'John', 'Chen', 'JCHEN', '515.124.4269', str_to_date('2005-09-28', '%Y-%m-%d'), 'FI_ACCOUNT', 8200.00, null, 108, 100);
INSERT INTO EMPLOYEES (EMPLOYEE_ID, FIRST_NAME, LAST_NAME, EMAIL, PHONE_NUMBER, HIRE_DATE, JOB_ID, SALARY, COMMISSION_PCT, MANAGER_ID, DEPARTMENT_ID) VALUES (111, 'Ismael', 'Sciarra', 'ISCIARRA', '515.124.4369', str_to_date('2005-09-30', '%Y-%m-%d'), 'FI_ACCOUNT', 7700.00, null, 108, 100);
INSERT INTO EMPLOYEES (EMPLOYEE_ID, FIRST_NAME, LAST_NAME, EMAIL, PHONE_NUMBER, HIRE_DATE, JOB_ID, SALARY, COMMISSION_PCT, MANAGER_ID, DEPARTMENT_ID) VALUES (112, 'Jose Manuel', 'Urman', 'JMURMAN', '515.124.4469', str_to_date('2006-03-07', '%Y-%m-%d'), 'FI_ACCOUNT', 7800.00, null, 108, 100);
INSERT INTO EMPLOYEES (EMPLOYEE_ID, FIRST_NAME, LAST_NAME, EMAIL, PHONE_NUMBER, HIRE_DATE, JOB_ID, SALARY, COMMISSION_PCT, MANAGER_ID, DEPARTMENT_ID) VALUES (113, 'Luis', 'Popp', 'LPOPP', '515.124.4567', str_to_date('2007-12-07', '%Y-%m-%d'), 'FI_ACCOUNT', 6900.00, null, 108, 100);
INSERT INTO EMPLOYEES (EMPLOYEE_ID, FIRST_NAME, LAST_NAME, EMAIL, PHONE_NUMBER, HIRE_DATE, JOB_ID, SALARY, COMMISSION_PCT, MANAGER_ID, DEPARTMENT_ID) VALUES (114, 'Den', 'Raphaely', 'DRAPHEAL', '515.127.4561', str_to_date('2002-12-07', '%Y-%m-%d'), 'PU_MAN', 11000.00, null, 100, 30);
INSERT INTO EMPLOYEES (EMPLOYEE_ID, FIRST_NAME, LAST_NAME, EMAIL, PHONE_NUMBER, HIRE_DATE, JOB_ID, SALARY, COMMISSION_PCT, MANAGER_ID, DEPARTMENT_ID) VALUES (115, 'Alexander', 'Khoo', 'AKHOO', '515.127.4562', str_to_date('2003-05-18', '%Y-%m-%d'), 'PU_CLERK', 3100.00, null, 114, 30);
INSERT INTO EMPLOYEES (EMPLOYEE_ID, FIRST_NAME, LAST_NAME, EMAIL, PHONE_NUMBER, HIRE_DATE, JOB_ID, SALARY, COMMISSION_PCT, MANAGER_ID, DEPARTMENT_ID) VALUES (116, 'Shelli', 'Baida', 'SBAIDA', '515.127.4563', str_to_date('2005-12-24', '%Y-%m-%d'), 'PU_CLERK', 2900.00, null, 114, 30);
INSERT INTO EMPLOYEES (EMPLOYEE_ID, FIRST_NAME, LAST_NAME, EMAIL, PHONE_NUMBER, HIRE_DATE, JOB_ID, SALARY, COMMISSION_PCT, MANAGER_ID, DEPARTMENT_ID) VALUES (117, 'Sigal', 'Tobias', 'STOBIAS', '515.127.4564', str_to_date('2005-07-24', '%Y-%m-%d'), 'PU_CLERK', 2800.00, null, 114, 30);
INSERT INTO EMPLOYEES (EMPLOYEE_ID, FIRST_NAME, LAST_NAME, EMAIL, PHONE_NUMBER, HIRE_DATE, JOB_ID, SALARY, COMMISSION_PCT, MANAGER_ID, DEPARTMENT_ID) VALUES (118, 'Guy', 'Himuro', 'GHIMURO', '515.127.4565', str_to_date('2006-11-15', '%Y-%m-%d'), 'PU_CLERK', 2600.00, null, 114, 30);
INSERT INTO EMPLOYEES (EMPLOYEE_ID, FIRST_NAME, LAST_NAME, EMAIL, PHONE_NUMBER, HIRE_DATE, JOB_ID, SALARY, COMMISSION_PCT, MANAGER_ID, DEPARTMENT_ID) VALUES (119, 'Karen', 'Colmenares', 'KCOLMENA', '515.127.4566', str_to_date('2007-08-10', '%Y-%m-%d'), 'PU_CLERK', 2500.00, null, 114, 30);
INSERT INTO EMPLOYEES (EMPLOYEE_ID, FIRST_NAME, LAST_NAME, EMAIL, PHONE_NUMBER, HIRE_DATE, JOB_ID, SALARY, COMMISSION_PCT, MANAGER_ID, DEPARTMENT_ID) VALUES (120, 'Matthew', 'Weiss', 'MWEISS', '650.123.1234', str_to_date('2004-07-18', '%Y-%m-%d'), 'ST_MAN', 8000.00, null, 100, 50);
INSERT INTO EMPLOYEES (EMPLOYEE_ID, FIRST_NAME, LAST_NAME, EMAIL, PHONE_NUMBER, HIRE_DATE, JOB_ID, SALARY, COMMISSION_PCT, MANAGER_ID, DEPARTMENT_ID) VALUES (121, 'Adam', 'Fripp', 'AFRIPP', '650.123.2234', str_to_date('2005-04-10', '%Y-%m-%d'), 'ST_MAN', 8200.00, null, 100, 50);
INSERT INTO EMPLOYEES (EMPLOYEE_ID, FIRST_NAME, LAST_NAME, EMAIL, PHONE_NUMBER, HIRE_DATE, JOB_ID, SALARY, COMMISSION_PCT, MANAGER_ID, DEPARTMENT_ID) VALUES (122, 'Payam', 'Kaufling', 'PKAUFLIN', '650.123.3234', str_to_date('2003-05-01', '%Y-%m-%d'), 'ST_MAN', 7900.00, null, 100, 50);
INSERT INTO EMPLOYEES (EMPLOYEE_ID, FIRST_NAME, LAST_NAME, EMAIL, PHONE_NUMBER, HIRE_DATE, JOB_ID, SALARY, COMMISSION_PCT, MANAGER_ID, DEPARTMENT_ID) VALUES (123, 'Shanta', 'Vollman', 'SVOLLMAN', '650.123.4234', str_to_date('2005-10-10', '%Y-%m-%d'), 'ST_MAN', 6500.00, null, 100, 50);
INSERT INTO EMPLOYEES (EMPLOYEE_ID, FIRST_NAME, LAST_NAME, EMAIL, PHONE_NUMBER, HIRE_DATE, JOB_ID, SALARY, COMMISSION_PCT, MANAGER_ID, DEPARTMENT_ID) VALUES (124, 'Kevin', 'Mourgos', 'KMOURGOS', '650.123.5234', str_to_date('2007-11-16', '%Y-%m-%d'), 'ST_MAN', 5800.00, null, 100, 50);
INSERT INTO EMPLOYEES (EMPLOYEE_ID, FIRST_NAME, LAST_NAME, EMAIL, PHONE_NUMBER, HIRE_DATE, JOB_ID, SALARY, COMMISSION_PCT, MANAGER_ID, DEPARTMENT_ID) VALUES (125, 'Julia', 'Nayer', 'JNAYER', '650.124.1214', str_to_date('2005-07-16', '%Y-%m-%d'), 'ST_CLERK', 3200.00, null, 120, 50);
INSERT INTO EMPLOYEES (EMPLOYEE_ID, FIRST_NAME, LAST_NAME, EMAIL, PHONE_NUMBER, HIRE_DATE, JOB_ID, SALARY, COMMISSION_PCT, MANAGER_ID, DEPARTMENT_ID) VALUES (126, 'Irene', 'Mikkilineni', 'IMIKKILI', '650.124.1224', str_to_date('2006-09-28', '%Y-%m-%d'), 'ST_CLERK', 2700.00, null, 120, 50);
INSERT INTO EMPLOYEES (EMPLOYEE_ID, FIRST_NAME, LAST_NAME, EMAIL, PHONE_NUMBER, HIRE_DATE, JOB_ID, SALARY, COMMISSION_PCT, MANAGER_ID, DEPARTMENT_ID) VALUES (127, 'James', 'Landry', 'JLANDRY', '650.124.1334', str_to_date('2007-01-14', '%Y-%m-%d'), 'ST_CLERK', 2400.00, null, 120, 50);
INSERT INTO EMPLOYEES (EMPLOYEE_ID, FIRST_NAME, LAST_NAME, EMAIL, PHONE_NUMBER, HIRE_DATE, JOB_ID, SALARY, COMMISSION_PCT, MANAGER_ID, DEPARTMENT_ID) VALUES (128, 'Steven', 'Markle', 'SMARKLE', '650.124.1434', str_to_date('2008-03-08', '%Y-%m-%d'), 'ST_CLERK', 2200.00, null, 120, 50);
INSERT INTO EMPLOYEES (EMPLOYEE_ID, FIRST_NAME, LAST_NAME, EMAIL, PHONE_NUMBER, HIRE_DATE, JOB_ID, SALARY, COMMISSION_PCT, MANAGER_ID, DEPARTMENT_ID) VALUES (129, 'Laura', 'Bissot', 'LBISSOT', '650.124.5234', str_to_date('2005-08-20', '%Y-%m-%d'), 'ST_CLERK', 3300.00, null, 121, 50);
INSERT INTO EMPLOYEES (EMPLOYEE_ID, FIRST_NAME, LAST_NAME, EMAIL, PHONE_NUMBER, HIRE_DATE, JOB_ID, SALARY, COMMISSION_PCT, MANAGER_ID, DEPARTMENT_ID) VALUES (130, 'Mozhe', 'Atkinson', 'MATKINSO', '650.124.6234', str_to_date('2005-10-30', '%Y-%m-%d'), 'ST_CLERK', 2800.00, null, 121, 50);
INSERT INTO EMPLOYEES (EMPLOYEE_ID, FIRST_NAME, LAST_NAME, EMAIL, PHONE_NUMBER, HIRE_DATE, JOB_ID, SALARY, COMMISSION_PCT, MANAGER_ID, DEPARTMENT_ID) VALUES (131, 'James', 'Marlow', 'JAMRLOW', '650.124.7234', str_to_date('2005-02-16', '%Y-%m-%d'), 'ST_CLERK', 2500.00, null, 121, 50);
INSERT INTO EMPLOYEES (EMPLOYEE_ID, FIRST_NAME, LAST_NAME, EMAIL, PHONE_NUMBER, HIRE_DATE, JOB_ID, SALARY, COMMISSION_PCT, MANAGER_ID, DEPARTMENT_ID) VALUES (132, 'TJ', 'Olson', 'TJOLSON', '650.124.8234', str_to_date('2007-04-10', '%Y-%m-%d'), 'ST_CLERK', 2100.00, null, 121, 50);
INSERT INTO EMPLOYEES (EMPLOYEE_ID, FIRST_NAME, LAST_NAME, EMAIL, PHONE_NUMBER, HIRE_DATE, JOB_ID, SALARY, COMMISSION_PCT, MANAGER_ID, DEPARTMENT_ID) VALUES (133, 'Jason', 'Mallin', 'JMALLIN', '650.127.1934', str_to_date('2004-06-14', '%Y-%m-%d'), 'ST_CLERK', 3300.00, null, 122, 50);
INSERT INTO EMPLOYEES (EMPLOYEE_ID, FIRST_NAME, LAST_NAME, EMAIL, PHONE_NUMBER, HIRE_DATE, JOB_ID, SALARY, COMMISSION_PCT, MANAGER_ID, DEPARTMENT_ID) VALUES (134, 'Michael', 'Rogers', 'MROGERS', '650.127.1834', str_to_date('2006-08-26', '%Y-%m-%d'), 'ST_CLERK', 2900.00, null, 122, 50);
INSERT INTO EMPLOYEES (EMPLOYEE_ID, FIRST_NAME, LAST_NAME, EMAIL, PHONE_NUMBER, HIRE_DATE, JOB_ID, SALARY, COMMISSION_PCT, MANAGER_ID, DEPARTMENT_ID) VALUES (135, 'Ki', 'Gee', 'KGEE', '650.127.1734', str_to_date('2007-12-12', '%Y-%m-%d'), 'ST_CLERK', 2400.00, null, 122, 50);
INSERT INTO EMPLOYEES (EMPLOYEE_ID, FIRST_NAME, LAST_NAME, EMAIL, PHONE_NUMBER, HIRE_DATE, JOB_ID, SALARY, COMMISSION_PCT, MANAGER_ID, DEPARTMENT_ID) VALUES (136, 'Hazel', 'Philtanker', 'HPHILTAN', '650.127.1634', str_to_date('2008-02-06', '%Y-%m-%d'), 'ST_CLERK', 2200.00, null, 122, 50);
INSERT INTO EMPLOYEES (EMPLOYEE_ID, FIRST_NAME, LAST_NAME, EMAIL, PHONE_NUMBER, HIRE_DATE, JOB_ID, SALARY, COMMISSION_PCT, MANAGER_ID, DEPARTMENT_ID) VALUES (137, 'Renske', 'Ladwig', 'RLADWIG', '650.121.1234', str_to_date('2003-07-14', '%Y-%m-%d'), 'ST_CLERK', 3600.00, null, 123, 50);
INSERT INTO EMPLOYEES (EMPLOYEE_ID, FIRST_NAME, LAST_NAME, EMAIL, PHONE_NUMBER, HIRE_DATE, JOB_ID, SALARY, COMMISSION_PCT, MANAGER_ID, DEPARTMENT_ID) VALUES (138, 'Stephen', 'Stiles', 'SSTILES', '650.121.2034', str_to_date('2005-10-26', '%Y-%m-%d'), 'ST_CLERK', 3200.00, null, 123, 50);
INSERT INTO EMPLOYEES (EMPLOYEE_ID, FIRST_NAME, LAST_NAME, EMAIL, PHONE_NUMBER, HIRE_DATE, JOB_ID, SALARY, COMMISSION_PCT, MANAGER_ID, DEPARTMENT_ID) VALUES (139, 'John', 'Seo', 'JSEO', '650.121.2019', str_to_date('2006-02-12', '%Y-%m-%d'), 'ST_CLERK', 2700.00, null, 123, 50);
INSERT INTO EMPLOYEES (EMPLOYEE_ID, FIRST_NAME, LAST_NAME, EMAIL, PHONE_NUMBER, HIRE_DATE, JOB_ID, SALARY, COMMISSION_PCT, MANAGER_ID, DEPARTMENT_ID) VALUES (140, 'Joshua', 'Patel', 'JPATEL', '650.121.1834', str_to_date('2006-04-06', '%Y-%m-%d'), 'ST_CLERK', 2500.00, null, 123, 50);
INSERT INTO EMPLOYEES (EMPLOYEE_ID, FIRST_NAME, LAST_NAME, EMAIL, PHONE_NUMBER, HIRE_DATE, JOB_ID, SALARY, COMMISSION_PCT, MANAGER_ID, DEPARTMENT_ID) VALUES (141, 'Trenna', 'Rajs', 'TRAJS', '650.121.8009', str_to_date('2003-10-17', '%Y-%m-%d'), 'ST_CLERK', 3500.00, null, 124, 50);
INSERT INTO EMPLOYEES (EMPLOYEE_ID, FIRST_NAME, LAST_NAME, EMAIL, PHONE_NUMBER, HIRE_DATE, JOB_ID, SALARY, COMMISSION_PCT, MANAGER_ID, DEPARTMENT_ID) VALUES (142, 'Curtis', 'Davies', 'CDAVIES', '650.121.2994', str_to_date('2005-01-29', '%Y-%m-%d'), 'ST_CLERK', 3100.00, null, 124, 50);
INSERT INTO EMPLOYEES (EMPLOYEE_ID, FIRST_NAME, LAST_NAME, EMAIL, PHONE_NUMBER, HIRE_DATE, JOB_ID, SALARY, COMMISSION_PCT, MANAGER_ID, DEPARTMENT_ID) VALUES (143, 'Randall', 'Matos', 'RMATOS', '650.121.2874', str_to_date('2006-03-15', '%Y-%m-%d'), 'ST_CLERK', 2600.00, null, 124, 50);
INSERT INTO EMPLOYEES (EMPLOYEE_ID, FIRST_NAME, LAST_NAME, EMAIL, PHONE_NUMBER, HIRE_DATE, JOB_ID, SALARY, COMMISSION_PCT, MANAGER_ID, DEPARTMENT_ID) VALUES (144, 'Peter', 'Vargas', 'PVARGAS', '650.121.2004', str_to_date('2006-07-09', '%Y-%m-%d'), 'ST_CLERK', 2500.00, null, 124, 50);
INSERT INTO EMPLOYEES (EMPLOYEE_ID, FIRST_NAME, LAST_NAME, EMAIL, PHONE_NUMBER, HIRE_DATE, JOB_ID, SALARY, COMMISSION_PCT, MANAGER_ID, DEPARTMENT_ID) VALUES (145, 'John', 'Russell', 'JRUSSEL', '011.44.1344.429268', str_to_date('2004-10-01', '%Y-%m-%d'), 'SA_MAN', 14000.00, 0.40, 100, 80);
INSERT INTO EMPLOYEES (EMPLOYEE_ID, FIRST_NAME, LAST_NAME, EMAIL, PHONE_NUMBER, HIRE_DATE, JOB_ID, SALARY, COMMISSION_PCT, MANAGER_ID, DEPARTMENT_ID) VALUES (146, 'Karen', 'Partners', 'KPARTNER', '011.44.1344.467268', str_to_date('2005-01-05', '%Y-%m-%d'), 'SA_MAN', 13500.00, 0.30, 100, 80);
INSERT INTO EMPLOYEES (EMPLOYEE_ID, FIRST_NAME, LAST_NAME, EMAIL, PHONE_NUMBER, HIRE_DATE, JOB_ID, SALARY, COMMISSION_PCT, MANAGER_ID, DEPARTMENT_ID) VALUES (147, 'Alberto', 'Errazuriz', 'AERRAZUR', '011.44.1344.429278', str_to_date('2005-03-10', '%Y-%m-%d'), 'SA_MAN', 12000.00, 0.30, 100, 80);
INSERT INTO EMPLOYEES (EMPLOYEE_ID, FIRST_NAME, LAST_NAME, EMAIL, PHONE_NUMBER, HIRE_DATE, JOB_ID, SALARY, COMMISSION_PCT, MANAGER_ID, DEPARTMENT_ID) VALUES (148, 'Gerald', 'Cambrault', 'GCAMBRAU', '011.44.1344.619268', str_to_date('2007-10-15', '%Y-%m-%d'), 'SA_MAN', 11000.00, 0.30, 100, 80);
INSERT INTO EMPLOYEES (EMPLOYEE_ID, FIRST_NAME, LAST_NAME, EMAIL, PHONE_NUMBER, HIRE_DATE, JOB_ID, SALARY, COMMISSION_PCT, MANAGER_ID, DEPARTMENT_ID) VALUES (149, 'Eleni', 'Zlotkey', 'EZLOTKEY', '011.44.1344.429018', str_to_date('2008-01-29', '%Y-%m-%d'), 'SA_MAN', 10500.00, 0.20, 100, 80);
INSERT INTO EMPLOYEES (EMPLOYEE_ID, FIRST_NAME, LAST_NAME, EMAIL, PHONE_NUMBER, HIRE_DATE, JOB_ID, SALARY, COMMISSION_PCT, MANAGER_ID, DEPARTMENT_ID) VALUES (150, 'Peter', 'Tucker', 'PTUCKER', '011.44.1344.129268', str_to_date('2005-01-30', '%Y-%m-%d'), 'SA_REP', 10000.00, 0.30, 145, 80);
INSERT INTO EMPLOYEES (EMPLOYEE_ID, FIRST_NAME, LAST_NAME, EMAIL, PHONE_NUMBER, HIRE_DATE, JOB_ID, SALARY, COMMISSION_PCT, MANAGER_ID, DEPARTMENT_ID) VALUES (151, 'David', 'Bernstein', 'DBERNSTE', '011.44.1344.345268', str_to_date('2005-03-24', '%Y-%m-%d'), 'SA_REP', 9500.00, 0.25, 145, 80);
INSERT INTO EMPLOYEES (EMPLOYEE_ID, FIRST_NAME, LAST_NAME, EMAIL, PHONE_NUMBER, HIRE_DATE, JOB_ID, SALARY, COMMISSION_PCT, MANAGER_ID, DEPARTMENT_ID) VALUES (152, 'Peter', 'Hall', 'PHALL', '011.44.1344.478968', str_to_date('2005-08-20', '%Y-%m-%d'), 'SA_REP', 9000.00, 0.25, 145, 80);
INSERT INTO EMPLOYEES (EMPLOYEE_ID, FIRST_NAME, LAST_NAME, EMAIL, PHONE_NUMBER, HIRE_DATE, JOB_ID, SALARY, COMMISSION_PCT, MANAGER_ID, DEPARTMENT_ID) VALUES (153, 'Christopher', 'Olsen', 'COLSEN', '011.44.1344.498718', str_to_date('2006-03-30', '%Y-%m-%d'), 'SA_REP', 8000.00, 0.20, 145, 80);
INSERT INTO EMPLOYEES (EMPLOYEE_ID, FIRST_NAME, LAST_NAME, EMAIL, PHONE_NUMBER, HIRE_DATE, JOB_ID, SALARY, COMMISSION_PCT, MANAGER_ID, DEPARTMENT_ID) VALUES (154, 'Nanette', 'Cambrault', 'NCAMBRAU', '011.44.1344.987668', str_to_date('2006-12-09', '%Y-%m-%d'), 'SA_REP', 7500.00, 0.20, 145, 80);
INSERT INTO EMPLOYEES (EMPLOYEE_ID, FIRST_NAME, LAST_NAME, EMAIL, PHONE_NUMBER, HIRE_DATE, JOB_ID, SALARY, COMMISSION_PCT, MANAGER_ID, DEPARTMENT_ID) VALUES (155, 'Oliver', 'Tuvault', 'OTUVAULT', '011.44.1344.486508', str_to_date('2007-11-23', '%Y-%m-%d'), 'SA_REP', 7000.00, 0.15, 145, 80);
INSERT INTO EMPLOYEES (EMPLOYEE_ID, FIRST_NAME, LAST_NAME, EMAIL, PHONE_NUMBER, HIRE_DATE, JOB_ID, SALARY, COMMISSION_PCT, MANAGER_ID, DEPARTMENT_ID) VALUES (156, 'Janette', 'King', 'JKING', '011.44.1345.429268', str_to_date('2004-01-30', '%Y-%m-%d'), 'SA_REP', 10000.00, 0.35, 146, 80);
INSERT INTO EMPLOYEES (EMPLOYEE_ID, FIRST_NAME, LAST_NAME, EMAIL, PHONE_NUMBER, HIRE_DATE, JOB_ID, SALARY, COMMISSION_PCT, MANAGER_ID, DEPARTMENT_ID) VALUES (157, 'Patrick', 'Sully', 'PSULLY', '011.44.1345.929268', str_to_date('2004-03-04', '%Y-%m-%d'), 'SA_REP', 9500.00, 0.35, 146, 80);
INSERT INTO EMPLOYEES (EMPLOYEE_ID, FIRST_NAME, LAST_NAME, EMAIL, PHONE_NUMBER, HIRE_DATE, JOB_ID, SALARY, COMMISSION_PCT, MANAGER_ID, DEPARTMENT_ID) VALUES (158, 'Allan', 'McEwen', 'AMCEWEN', '011.44.1345.829268', str_to_date('2004-08-01', '%Y-%m-%d'), 'SA_REP', 9000.00, 0.35, 146, 80);
INSERT INTO EMPLOYEES (EMPLOYEE_ID, FIRST_NAME, LAST_NAME, EMAIL, PHONE_NUMBER, HIRE_DATE, JOB_ID, SALARY, COMMISSION_PCT, MANAGER_ID, DEPARTMENT_ID) VALUES (159, 'Lindsey', 'Smith', 'LSMITH', '011.44.1345.729268', str_to_date('2005-03-10', '%Y-%m-%d'), 'SA_REP', 8000.00, 0.30, 146, 80);
INSERT INTO EMPLOYEES (EMPLOYEE_ID, FIRST_NAME, LAST_NAME, EMAIL, PHONE_NUMBER, HIRE_DATE, JOB_ID, SALARY, COMMISSION_PCT, MANAGER_ID, DEPARTMENT_ID) VALUES (160, 'Louise', 'Doran', 'LDORAN', '011.44.1345.629268', str_to_date('2005-12-15', '%Y-%m-%d'), 'SA_REP', 7500.00, 0.30, 146, 80);
INSERT INTO EMPLOYEES (EMPLOYEE_ID, FIRST_NAME, LAST_NAME, EMAIL, PHONE_NUMBER, HIRE_DATE, JOB_ID, SALARY, COMMISSION_PCT, MANAGER_ID, DEPARTMENT_ID) VALUES (161, 'Sarath', 'Sewall', 'SSEWALL', '011.44.1345.529268', str_to_date('2006-11-03', '%Y-%m-%d'), 'SA_REP', 7000.00, 0.25, 146, 80);
INSERT INTO EMPLOYEES (EMPLOYEE_ID, FIRST_NAME, LAST_NAME, EMAIL, PHONE_NUMBER, HIRE_DATE, JOB_ID, SALARY, COMMISSION_PCT, MANAGER_ID, DEPARTMENT_ID) VALUES (162, 'Clara', 'Vishney', 'CVISHNEY', '011.44.1346.129268', str_to_date('2005-11-11', '%Y-%m-%d'), 'SA_REP', 10500.00, 0.25, 147, 80);
INSERT INTO EMPLOYEES (EMPLOYEE_ID, FIRST_NAME, LAST_NAME, EMAIL, PHONE_NUMBER, HIRE_DATE, JOB_ID, SALARY, COMMISSION_PCT, MANAGER_ID, DEPARTMENT_ID) VALUES (163, 'Danielle', 'Greene', 'DGREENE', '011.44.1346.229268', str_to_date('2007-03-19', '%Y-%m-%d'), 'SA_REP', 9500.00, 0.15, 147, 80);
INSERT INTO EMPLOYEES (EMPLOYEE_ID, FIRST_NAME, LAST_NAME, EMAIL, PHONE_NUMBER, HIRE_DATE, JOB_ID, SALARY, COMMISSION_PCT, MANAGER_ID, DEPARTMENT_ID) VALUES (164, 'Mattea', 'Marvins', 'MMARVINS', '011.44.1346.329268', str_to_date('2008-01-24', '%Y-%m-%d'), 'SA_REP', 7200.00, 0.10, 147, 80);
INSERT INTO EMPLOYEES (EMPLOYEE_ID, FIRST_NAME, LAST_NAME, EMAIL, PHONE_NUMBER, HIRE_DATE, JOB_ID, SALARY, COMMISSION_PCT, MANAGER_ID, DEPARTMENT_ID) VALUES (165, 'David', 'Lee', 'DLEE', '011.44.1346.529268', str_to_date('2008-02-23', '%Y-%m-%d'), 'SA_REP', 6800.00, 0.10, 147, 80);
INSERT INTO EMPLOYEES (EMPLOYEE_ID, FIRST_NAME, LAST_NAME, EMAIL, PHONE_NUMBER, HIRE_DATE, JOB_ID, SALARY, COMMISSION_PCT, MANAGER_ID, DEPARTMENT_ID) VALUES (166, 'Sundar', 'Ande', 'SANDE', '011.44.1346.629268', str_to_date('2008-03-24', '%Y-%m-%d'), 'SA_REP', 6400.00, 0.10, 147, 80);
INSERT INTO EMPLOYEES (EMPLOYEE_ID, FIRST_NAME, LAST_NAME, EMAIL, PHONE_NUMBER, HIRE_DATE, JOB_ID, SALARY, COMMISSION_PCT, MANAGER_ID, DEPARTMENT_ID) VALUES (167, 'Amit', 'Banda', 'ABANDA', '011.44.1346.729268', str_to_date('2008-04-21', '%Y-%m-%d'), 'SA_REP', 6200.00, 0.10, 147, 80);
INSERT INTO EMPLOYEES (EMPLOYEE_ID, FIRST_NAME, LAST_NAME, EMAIL, PHONE_NUMBER, HIRE_DATE, JOB_ID, SALARY, COMMISSION_PCT, MANAGER_ID, DEPARTMENT_ID) VALUES (168, 'Lisa', 'Ozer', 'LOZER', '011.44.1343.929268', str_to_date('2005-03-11', '%Y-%m-%d'), 'SA_REP', 11500.00, 0.25, 148, 80);
INSERT INTO EMPLOYEES (EMPLOYEE_ID, FIRST_NAME, LAST_NAME, EMAIL, PHONE_NUMBER, HIRE_DATE, JOB_ID, SALARY, COMMISSION_PCT, MANAGER_ID, DEPARTMENT_ID) VALUES (169, 'Harrison', 'Bloom', 'HBLOOM', '011.44.1343.829268', str_to_date('2006-03-23', '%Y-%m-%d'), 'SA_REP', 10000.00, 0.20, 148, 80);
INSERT INTO EMPLOYEES (EMPLOYEE_ID, FIRST_NAME, LAST_NAME, EMAIL, PHONE_NUMBER, HIRE_DATE, JOB_ID, SALARY, COMMISSION_PCT, MANAGER_ID, DEPARTMENT_ID) VALUES (170, 'Tayler', 'Fox', 'TFOX', '011.44.1343.729268', str_to_date('2006-01-24', '%Y-%m-%d'), 'SA_REP', 9600.00, 0.20, 148, 80);
INSERT INTO EMPLOYEES (EMPLOYEE_ID, FIRST_NAME, LAST_NAME, EMAIL, PHONE_NUMBER, HIRE_DATE, JOB_ID, SALARY, COMMISSION_PCT, MANAGER_ID, DEPARTMENT_ID) VALUES (171, 'William', 'Smith', 'WSMITH', '011.44.1343.629268', str_to_date('2007-02-23', '%Y-%m-%d'), 'SA_REP', 7400.00, 0.15, 148, 80);
INSERT INTO EMPLOYEES (EMPLOYEE_ID, FIRST_NAME, LAST_NAME, EMAIL, PHONE_NUMBER, HIRE_DATE, JOB_ID, SALARY, COMMISSION_PCT, MANAGER_ID, DEPARTMENT_ID) VALUES (172, 'Elizabeth', 'Bates', 'EBATES', '011.44.1343.529268', str_to_date('2007-03-24', '%Y-%m-%d'), 'SA_REP', 7300.00, 0.15, 148, 80);
INSERT INTO EMPLOYEES (EMPLOYEE_ID, FIRST_NAME, LAST_NAME, EMAIL, PHONE_NUMBER, HIRE_DATE, JOB_ID, SALARY, COMMISSION_PCT, MANAGER_ID, DEPARTMENT_ID) VALUES (173, 'Sundita', 'Kumar', 'SKUMAR', '011.44.1343.329268', str_to_date('2008-04-21', '%Y-%m-%d'), 'SA_REP', 6100.00, 0.10, 148, 80);
INSERT INTO EMPLOYEES (EMPLOYEE_ID, FIRST_NAME, LAST_NAME, EMAIL, PHONE_NUMBER, HIRE_DATE, JOB_ID, SALARY, COMMISSION_PCT, MANAGER_ID, DEPARTMENT_ID) VALUES (174, 'Ellen', 'Abel', 'EABEL', '011.44.1644.429267', str_to_date('2004-05-11', '%Y-%m-%d'), 'SA_REP', 11000.00, 0.30, 149, 80);
INSERT INTO EMPLOYEES (EMPLOYEE_ID, FIRST_NAME, LAST_NAME, EMAIL, PHONE_NUMBER, HIRE_DATE, JOB_ID, SALARY, COMMISSION_PCT, MANAGER_ID, DEPARTMENT_ID) VALUES (175, 'Alyssa', 'Hutton', 'AHUTTON', '011.44.1644.429266', str_to_date('2005-03-19', '%Y-%m-%d'), 'SA_REP', 8800.00, 0.25, 149, 80);
INSERT INTO EMPLOYEES (EMPLOYEE_ID, FIRST_NAME, LAST_NAME, EMAIL, PHONE_NUMBER, HIRE_DATE, JOB_ID, SALARY, COMMISSION_PCT, MANAGER_ID, DEPARTMENT_ID) VALUES (176, 'Jonathon', 'Taylor', 'JTAYLOR', '011.44.1644.429265', str_to_date('2006-03-24', '%Y-%m-%d'), 'SA_REP', 8600.00, 0.20, 149, 80);
INSERT INTO EMPLOYEES (EMPLOYEE_ID, FIRST_NAME, LAST_NAME, EMAIL, PHONE_NUMBER, HIRE_DATE, JOB_ID, SALARY, COMMISSION_PCT, MANAGER_ID, DEPARTMENT_ID) VALUES (177, 'Jack', 'Livingston', 'JLIVINGS', '011.44.1644.429264', str_to_date('2006-04-23', '%Y-%m-%d'), 'SA_REP', 8400.00, 0.20, 149, 80);
INSERT INTO EMPLOYEES (EMPLOYEE_ID, FIRST_NAME, LAST_NAME, EMAIL, PHONE_NUMBER, HIRE_DATE, JOB_ID, SALARY, COMMISSION_PCT, MANAGER_ID, DEPARTMENT_ID) VALUES (178, 'Kimberely', 'Grant', 'KGRANT', '011.44.1644.429263', str_to_date('2007-05-24', '%Y-%m-%d'), 'SA_REP', 7000.00, 0.15, 149, null);
INSERT INTO EMPLOYEES (EMPLOYEE_ID, FIRST_NAME, LAST_NAME, EMAIL, PHONE_NUMBER, HIRE_DATE, JOB_ID, SALARY, COMMISSION_PCT, MANAGER_ID, DEPARTMENT_ID) VALUES (179, 'Charles', 'Johnson', 'CJOHNSON', '011.44.1644.429262', str_to_date('2008-01-04', '%Y-%m-%d'), 'SA_REP', 6200.00, 0.10, 149, 80);
INSERT INTO EMPLOYEES (EMPLOYEE_ID, FIRST_NAME, LAST_NAME, EMAIL, PHONE_NUMBER, HIRE_DATE, JOB_ID, SALARY, COMMISSION_PCT, MANAGER_ID, DEPARTMENT_ID) VALUES (180, 'Winston', 'Taylor', 'WTAYLOR', '650.507.9876', str_to_date('2006-01-24', '%Y-%m-%d'), 'SH_CLERK', 3200.00, null, 120, 50);
INSERT INTO EMPLOYEES (EMPLOYEE_ID, FIRST_NAME, LAST_NAME, EMAIL, PHONE_NUMBER, HIRE_DATE, JOB_ID, SALARY, COMMISSION_PCT, MANAGER_ID, DEPARTMENT_ID) VALUES (181, 'Jean', 'Fleaur', 'JFLEAUR', '650.507.9877', str_to_date('2006-02-23', '%Y-%m-%d'), 'SH_CLERK', 3100.00, null, 120, 50);
INSERT INTO EMPLOYEES (EMPLOYEE_ID, FIRST_NAME, LAST_NAME, EMAIL, PHONE_NUMBER, HIRE_DATE, JOB_ID, SALARY, COMMISSION_PCT, MANAGER_ID, DEPARTMENT_ID) VALUES (182, 'Martha', 'Sullivan', 'MSULLIVA', '650.507.9878', str_to_date('2007-06-21', '%Y-%m-%d'), 'SH_CLERK', 2500.00, null, 120, 50);
INSERT INTO EMPLOYEES (EMPLOYEE_ID, FIRST_NAME, LAST_NAME, EMAIL, PHONE_NUMBER, HIRE_DATE, JOB_ID, SALARY, COMMISSION_PCT, MANAGER_ID, DEPARTMENT_ID) VALUES (183, 'Girard', 'Geoni', 'GGEONI', '650.507.9879', str_to_date('2008-02-03', '%Y-%m-%d'), 'SH_CLERK', 2800.00, null, 120, 50);
INSERT INTO EMPLOYEES (EMPLOYEE_ID, FIRST_NAME, LAST_NAME, EMAIL, PHONE_NUMBER, HIRE_DATE, JOB_ID, SALARY, COMMISSION_PCT, MANAGER_ID, DEPARTMENT_ID) VALUES (184, 'Nandita', 'Sarchand', 'NSARCHAN', '650.509.1876', str_to_date('2004-01-27', '%Y-%m-%d'), 'SH_CLERK', 4200.00, null, 121, 50);
INSERT INTO EMPLOYEES (EMPLOYEE_ID, FIRST_NAME, LAST_NAME, EMAIL, PHONE_NUMBER, HIRE_DATE, JOB_ID, SALARY, COMMISSION_PCT, MANAGER_ID, DEPARTMENT_ID) VALUES (185, 'Alexis', 'Bull', 'ABULL', '650.509.2876', str_to_date('2005-02-20', '%Y-%m-%d'), 'SH_CLERK', 4100.00, null, 121, 50);
INSERT INTO EMPLOYEES (EMPLOYEE_ID, FIRST_NAME, LAST_NAME, EMAIL, PHONE_NUMBER, HIRE_DATE, JOB_ID, SALARY, COMMISSION_PCT, MANAGER_ID, DEPARTMENT_ID) VALUES (186, 'Julia', 'Dellinger', 'JDELLING', '650.509.3876', str_to_date('2006-06-24', '%Y-%m-%d'), 'SH_CLERK', 3400.00, null, 121, 50);
INSERT INTO EMPLOYEES (EMPLOYEE_ID, FIRST_NAME, LAST_NAME, EMAIL, PHONE_NUMBER, HIRE_DATE, JOB_ID, SALARY, COMMISSION_PCT, MANAGER_ID, DEPARTMENT_ID) VALUES (187, 'Anthony', 'Cabrio', 'ACABRIO', '650.509.4876', str_to_date('2007-02-07', '%Y-%m-%d'), 'SH_CLERK', 3000.00, null, 121, 50);
INSERT INTO EMPLOYEES (EMPLOYEE_ID, FIRST_NAME, LAST_NAME, EMAIL, PHONE_NUMBER, HIRE_DATE, JOB_ID, SALARY, COMMISSION_PCT, MANAGER_ID, DEPARTMENT_ID) VALUES (188, 'Kelly', 'Chung', 'KCHUNG', '650.505.1876', str_to_date('2005-06-14', '%Y-%m-%d'), 'SH_CLERK', 3800.00, null, 122, 50);
INSERT INTO EMPLOYEES (EMPLOYEE_ID, FIRST_NAME, LAST_NAME, EMAIL, PHONE_NUMBER, HIRE_DATE, JOB_ID, SALARY, COMMISSION_PCT, MANAGER_ID, DEPARTMENT_ID) VALUES (189, 'Jennifer', 'Dilly', 'JDILLY', '650.505.2876', str_to_date('2005-08-13', '%Y-%m-%d'), 'SH_CLERK', 3600.00, null, 122, 50);
INSERT INTO EMPLOYEES (EMPLOYEE_ID, FIRST_NAME, LAST_NAME, EMAIL, PHONE_NUMBER, HIRE_DATE, JOB_ID, SALARY, COMMISSION_PCT, MANAGER_ID, DEPARTMENT_ID) VALUES (190, 'Timothy', 'Gates', 'TGATES', '650.505.3876', str_to_date('2006-07-11', '%Y-%m-%d'), 'SH_CLERK', 2900.00, null, 122, 50);
INSERT INTO EMPLOYEES (EMPLOYEE_ID, FIRST_NAME, LAST_NAME, EMAIL, PHONE_NUMBER, HIRE_DATE, JOB_ID, SALARY, COMMISSION_PCT, MANAGER_ID, DEPARTMENT_ID) VALUES (191, 'Randall', 'Perkins', 'RPERKINS', '650.505.4876', str_to_date('2007-12-19', '%Y-%m-%d'), 'SH_CLERK', 2500.00, null, 122, 50);
INSERT INTO EMPLOYEES (EMPLOYEE_ID, FIRST_NAME, LAST_NAME, EMAIL, PHONE_NUMBER, HIRE_DATE, JOB_ID, SALARY, COMMISSION_PCT, MANAGER_ID, DEPARTMENT_ID) VALUES (192, 'Sarah', 'Bell', 'SBELL', '650.501.1876', str_to_date('2004-02-04', '%Y-%m-%d'), 'SH_CLERK', 4000.00, null, 123, 50);
INSERT INTO EMPLOYEES (EMPLOYEE_ID, FIRST_NAME, LAST_NAME, EMAIL, PHONE_NUMBER, HIRE_DATE, JOB_ID, SALARY, COMMISSION_PCT, MANAGER_ID, DEPARTMENT_ID) VALUES (193, 'Britney', 'Everett', 'BEVERETT', '650.501.2876', str_to_date('2005-03-03', '%Y-%m-%d'), 'SH_CLERK', 3900.00, null, 123, 50);
INSERT INTO EMPLOYEES (EMPLOYEE_ID, FIRST_NAME, LAST_NAME, EMAIL, PHONE_NUMBER, HIRE_DATE, JOB_ID, SALARY, COMMISSION_PCT, MANAGER_ID, DEPARTMENT_ID) VALUES (194, 'Samuel', 'McCain', 'SMCCAIN', '650.501.3876', str_to_date('2006-07-01', '%Y-%m-%d'), 'SH_CLERK', 3200.00, null, 123, 50);
INSERT INTO EMPLOYEES (EMPLOYEE_ID, FIRST_NAME, LAST_NAME, EMAIL, PHONE_NUMBER, HIRE_DATE, JOB_ID, SALARY, COMMISSION_PCT, MANAGER_ID, DEPARTMENT_ID) VALUES (195, 'Vance', 'Jones', 'VJONES', '650.501.4876', str_to_date('2007-03-17', '%Y-%m-%d'), 'SH_CLERK', 2800.00, null, 123, 50);
INSERT INTO EMPLOYEES (EMPLOYEE_ID, FIRST_NAME, LAST_NAME, EMAIL, PHONE_NUMBER, HIRE_DATE, JOB_ID, SALARY, COMMISSION_PCT, MANAGER_ID, DEPARTMENT_ID) VALUES (196, 'Alana', 'Walsh', 'AWALSH', '650.507.9811', str_to_date('2006-04-24', '%Y-%m-%d'), 'SH_CLERK', 3100.00, null, 124, 50);
INSERT INTO EMPLOYEES (EMPLOYEE_ID, FIRST_NAME, LAST_NAME, EMAIL, PHONE_NUMBER, HIRE_DATE, JOB_ID, SALARY, COMMISSION_PCT, MANAGER_ID, DEPARTMENT_ID) VALUES (197, 'Kevin', 'Feeney', 'KFEENEY', '650.507.9822', str_to_date('2006-05-23', '%Y-%m-%d'), 'SH_CLERK', 3000.00, null, 124, 50);
INSERT INTO EMPLOYEES (EMPLOYEE_ID, FIRST_NAME, LAST_NAME, EMAIL, PHONE_NUMBER, HIRE_DATE, JOB_ID, SALARY, COMMISSION_PCT, MANAGER_ID, DEPARTMENT_ID) VALUES (198, 'Donald', 'OConnell', 'DOCONNEL', '650.507.9833', str_to_date('2007-06-21', '%Y-%m-%d'), 'SH_CLERK', 2600.00, null, 124, 50);
INSERT INTO EMPLOYEES (EMPLOYEE_ID, FIRST_NAME, LAST_NAME, EMAIL, PHONE_NUMBER, HIRE_DATE, JOB_ID, SALARY, COMMISSION_PCT, MANAGER_ID, DEPARTMENT_ID) VALUES (199, 'Douglas', 'Grant', 'DGRANT', '650.507.9844', str_to_date('2008-01-13', '%Y-%m-%d'), 'SH_CLERK', 2600.00, null, 124, 50);
INSERT INTO EMPLOYEES (EMPLOYEE_ID, FIRST_NAME, LAST_NAME, EMAIL, PHONE_NUMBER, HIRE_DATE, JOB_ID, SALARY, COMMISSION_PCT, MANAGER_ID, DEPARTMENT_ID) VALUES (200, 'Jennifer', 'Whalen', 'JWHALEN', '515.123.4444', str_to_date('2003-09-17', '%Y-%m-%d'), 'AD_ASST', 4400.00, null, 101, 10);
INSERT INTO EMPLOYEES (EMPLOYEE_ID, FIRST_NAME, LAST_NAME, EMAIL, PHONE_NUMBER, HIRE_DATE, JOB_ID, SALARY, COMMISSION_PCT, MANAGER_ID, DEPARTMENT_ID) VALUES (201, 'Michael', 'Hartstein', 'MHARTSTE', '515.123.5555', str_to_date('2004-02-17', '%Y-%m-%d'), 'MK_MAN', 13000.00, null, 100, 20);
INSERT INTO EMPLOYEES (EMPLOYEE_ID, FIRST_NAME, LAST_NAME, EMAIL, PHONE_NUMBER, HIRE_DATE, JOB_ID, SALARY, COMMISSION_PCT, MANAGER_ID, DEPARTMENT_ID) VALUES (202, 'Pat', 'Fay', 'PFAY', '603.123.6666', str_to_date('2005-08-17', '%Y-%m-%d'), 'MK_REP', 6000.00, null, 201, 20);
INSERT INTO EMPLOYEES (EMPLOYEE_ID, FIRST_NAME, LAST_NAME, EMAIL, PHONE_NUMBER, HIRE_DATE, JOB_ID, SALARY, COMMISSION_PCT, MANAGER_ID, DEPARTMENT_ID) VALUES (203, 'Susan', 'Mavris', 'SMAVRIS', '515.123.7777', str_to_date('2002-06-07', '%Y-%m-%d'), 'HR_REP', 6500.00, null, 101, 40);
INSERT INTO EMPLOYEES (EMPLOYEE_ID, FIRST_NAME, LAST_NAME, EMAIL, PHONE_NUMBER, HIRE_DATE, JOB_ID, SALARY, COMMISSION_PCT, MANAGER_ID, DEPARTMENT_ID) VALUES (204, 'Hermann', 'Baer', 'HBAER', '515.123.8888', str_to_date('2002-06-07', '%Y-%m-%d'), 'PR_REP', 10000.00, null, 101, 70);
INSERT INTO EMPLOYEES (EMPLOYEE_ID, FIRST_NAME, LAST_NAME, EMAIL, PHONE_NUMBER, HIRE_DATE, JOB_ID, SALARY, COMMISSION_PCT, MANAGER_ID, DEPARTMENT_ID) VALUES (205, 'Shelley', 'Higgins', 'SHIGGINS', '515.123.8080', str_to_date('2002-06-07', '%Y-%m-%d'), 'AC_MGR', 12008.00, null, 101, 110);
INSERT INTO EMPLOYEES (EMPLOYEE_ID, FIRST_NAME, LAST_NAME, EMAIL, PHONE_NUMBER, HIRE_DATE, JOB_ID, SALARY, COMMISSION_PCT, MANAGER_ID, DEPARTMENT_ID) VALUES (206, 'William', 'Gietz', 'WGIETZ', '515.123.8181', str_to_date('2002-06-07', '%Y-%m-%d'), 'AC_ACCOUNT', 8300.00, null, 205, 110);

commit;



